City/External ID,Neighborhood Name
res_city_turkiye_data_kita.2,Adapınar Mah
res_city_turkiye_data_kita.2,Adatepe Mah
res_city_turkiye_data_kita.2,Ağaçlı Mah
res_city_turkiye_data_kita.2,Ağaçpınar Mah
res_city_turkiye_data_kita.2,Akdam Mah
res_city_turkiye_data_kita.2,Altıgözbekirli Mah
res_city_turkiye_data_kita.2,Altıkara Mah
res_city_turkiye_data_kita.2,Aydınlar Mah
res_city_turkiye_data_kita.2,Azizli Mah
res_city_turkiye_data_kita.2,Başören Mah
res_city_turkiye_data_kita.2,Birkent Mah
res_city_turkiye_data_kita.2,Burhanlı Mah
res_city_turkiye_data_kita.2,Büyükburhaniye Mah
res_city_turkiye_data_kita.2,Büyükmangıt Mah
res_city_turkiye_data_kita.2,Camuzağılı Mah
res_city_turkiye_data_kita.2,Ceyhanbekirli Mah
res_city_turkiye_data_kita.2,Çakaldere Mah
res_city_turkiye_data_kita.2,Çataklı Mah
res_city_turkiye_data_kita.2,Çatalhüyük Mah
res_city_turkiye_data_kita.2,Çevretepe Mah
res_city_turkiye_data_kita.2,Çiçekli Mah
res_city_turkiye_data_kita.2,Çiftlikler Mah
res_city_turkiye_data_kita.2,Çokçapınar Mah
res_city_turkiye_data_kita.2,Dağıstan Mah
res_city_turkiye_data_kita.2,Değirmendere Mah
res_city_turkiye_data_kita.2,Değirmenli Mah
res_city_turkiye_data_kita.2,Dikilitaş Mah
res_city_turkiye_data_kita.2,Dokuztekne Mah
res_city_turkiye_data_kita.2,Doruk Mah
res_city_turkiye_data_kita.2,Durhasandede Mah
res_city_turkiye_data_kita.2,Dutlupınar Mah
res_city_turkiye_data_kita.2,Ekinyazı Mah
res_city_turkiye_data_kita.2,Elmagölü Mah
res_city_turkiye_data_kita.2,Erenler Mah
res_city_turkiye_data_kita.2,Gümürdülü Mah
res_city_turkiye_data_kita.2,Gündoğan Mah
res_city_turkiye_data_kita.2,Günlüce Mah
res_city_turkiye_data_kita.2,Hamdilli Mah
res_city_turkiye_data_kita.2,Hamidiye Mah
res_city_turkiye_data_kita.2,Hamitbey Mah
res_city_turkiye_data_kita.2,Hamitbeybucağı Mah
res_city_turkiye_data_kita.2,Irmaklı Mah
res_city_turkiye_data_kita.2,Isırganlı Mah
res_city_turkiye_data_kita.2,İmran Mah
res_city_turkiye_data_kita.2,İnceyer Mah
res_city_turkiye_data_kita.2,İsalı Mah
res_city_turkiye_data_kita.2,Karakayalı Mah
res_city_turkiye_data_kita.2,Kılıçkaya Mah
res_city_turkiye_data_kita.2,Kıvrıklı Mah
res_city_turkiye_data_kita.2,Kızıldere Mah
res_city_turkiye_data_kita.2,Köprülü Mah
res_city_turkiye_data_kita.2,Körkuyu Mah
res_city_turkiye_data_kita.2,Kösreli Mah
res_city_turkiye_data_kita.2,Kurtkulağı Mah
res_city_turkiye_data_kita.2,Kurtpınar Mah
res_city_turkiye_data_kita.2,Kuzucak Mah
res_city_turkiye_data_kita.2,Küçükburhaniye Mah
res_city_turkiye_data_kita.2,Küçükmangıt Mah
res_city_turkiye_data_kita.2,Mercimek Mah
res_city_turkiye_data_kita.2,Mercin Mah
res_city_turkiye_data_kita.2,Narlık Mah
res_city_turkiye_data_kita.2,Nazımbey Yeniköy Mah
res_city_turkiye_data_kita.2,Sağırlar Mah
res_city_turkiye_data_kita.2,Sağkaya Mah
res_city_turkiye_data_kita.2,Sarıbahçe Mah
res_city_turkiye_data_kita.2,Sarımazı Mah
res_city_turkiye_data_kita.2,Sarımazı Sb Mah
res_city_turkiye_data_kita.2,Selimiye Mah
res_city_turkiye_data_kita.2,Sirkeli Mah
res_city_turkiye_data_kita.2,Soğukpınar Mah
res_city_turkiye_data_kita.2,Soysallı Mah
res_city_turkiye_data_kita.2,Tatarlı Mah
res_city_turkiye_data_kita.2,Tatlıkuyu Mah
res_city_turkiye_data_kita.2,Toktamış Mah
res_city_turkiye_data_kita.2,Tumlu Mah
res_city_turkiye_data_kita.2,Üçdutyeşilova Mah
res_city_turkiye_data_kita.2,Veysiye Mah
res_city_turkiye_data_kita.2,Yalak Mah
res_city_turkiye_data_kita.2,Yellibel Mah
res_city_turkiye_data_kita.2,Yeşilbahçe Mah
res_city_turkiye_data_kita.2,Yeşildam Mah
res_city_turkiye_data_kita.2,Yılankale Mah
res_city_turkiye_data_kita.2,Altıocak Mah
res_city_turkiye_data_kita.2,Atatürk Mah
res_city_turkiye_data_kita.2,Aydemiroğlu Mah
res_city_turkiye_data_kita.2,Belediye Evleri Mah
res_city_turkiye_data_kita.2,Bota Mah
res_city_turkiye_data_kita.2,Burhaniye Mah
res_city_turkiye_data_kita.2,Büyükkırım Mah
res_city_turkiye_data_kita.2,Civantayak Mah
res_city_turkiye_data_kita.2,Cumhuriyet Mah
res_city_turkiye_data_kita.2,Emek Mah
res_city_turkiye_data_kita.2,Esentepe Mah
res_city_turkiye_data_kita.2,Fatih Sultan Mehmet Mah
res_city_turkiye_data_kita.2,Gazi Osman Paşa Mah
res_city_turkiye_data_kita.2,Hürriyet Mah
res_city_turkiye_data_kita.2,İnönü Mah
res_city_turkiye_data_kita.2,İstiklal Mah
res_city_turkiye_data_kita.2,Kelemeti Mah
res_city_turkiye_data_kita.2,Konakoğlu Mah
res_city_turkiye_data_kita.2,Koruklu Mah
res_city_turkiye_data_kita.2,Küçükkırım Mah
res_city_turkiye_data_kita.2,Mithat Paşa Mah
res_city_turkiye_data_kita.2,Modernevler Mah
res_city_turkiye_data_kita.2,Muradiye Mah
res_city_turkiye_data_kita.2,Namık Kemal Mah
res_city_turkiye_data_kita.2,Sarısakal Mah
res_city_turkiye_data_kita.2,Şahin Özbilen Mah
res_city_turkiye_data_kita.2,Şehit Hacı İbrahim Mah
res_city_turkiye_data_kita.2,Ulus Mah
res_city_turkiye_data_kita.2,Yarsuat Mah
res_city_turkiye_data_kita.2,Zübeyde Hanım Mah
res_city_turkiye_data_kita.2,Mustafabeyli Mah
res_city_turkiye_data_kita.3,Belediye Evleri Mah
res_city_turkiye_data_kita.3,Huzurevleri Mah
res_city_turkiye_data_kita.3,Yüzüncüyıl Mah
res_city_turkiye_data_kita.3,Beyazevler Mah
res_city_turkiye_data_kita.3,Bozcalar Mah
res_city_turkiye_data_kita.3,Dörtler Mah
res_city_turkiye_data_kita.3,Esentepe Mah
res_city_turkiye_data_kita.3,Fadıl Mah
res_city_turkiye_data_kita.3,Gökkuyu Mah
res_city_turkiye_data_kita.3,Güzelyalı Mah
res_city_turkiye_data_kita.3,Kabasakal Mah
res_city_turkiye_data_kita.3,Karahan Mah
res_city_turkiye_data_kita.3,Karslılar Mah
res_city_turkiye_data_kita.3,Kaşoba Mah
res_city_turkiye_data_kita.3,Kocatepe Mah
res_city_turkiye_data_kita.3,Kurttepe Mah
res_city_turkiye_data_kita.3,Küçükçınar Mah
res_city_turkiye_data_kita.3,Mahfesığmaz Mah
res_city_turkiye_data_kita.3,Memişli Mah
res_city_turkiye_data_kita.3,Örcün Mah
res_city_turkiye_data_kita.3,Pirili Mah
res_city_turkiye_data_kita.3,Söğütlü Mah
res_city_turkiye_data_kita.3,Şambayadı Mah
res_city_turkiye_data_kita.3,Toros Mah
res_city_turkiye_data_kita.3,Yeni Mah
res_city_turkiye_data_kita.3,Yurt Mah
res_city_turkiye_data_kita.3,Salbaş Esentepe Mah
res_city_turkiye_data_kita.4,Akkaya Mah
res_city_turkiye_data_kita.4,Akoluk Mah
res_city_turkiye_data_kita.4,Bağdatlı Mah
res_city_turkiye_data_kita.4,Bahçecik Mah
res_city_turkiye_data_kita.4,Çandırlar Mah
res_city_turkiye_data_kita.4,Çondu Mah
res_city_turkiye_data_kita.4,Çürükler Mah
res_city_turkiye_data_kita.4,Değirmenciuşağı Mah
res_city_turkiye_data_kita.4,Gaffaruşağı Mah
res_city_turkiye_data_kita.4,Gedikli Mah
res_city_turkiye_data_kita.4,Göbelli Mah
res_city_turkiye_data_kita.4,Gürümze Mah
res_city_turkiye_data_kita.4,Güzpınarı Mah
res_city_turkiye_data_kita.4,Hıdıruşağı Mah
res_city_turkiye_data_kita.4,İncirci Mah
res_city_turkiye_data_kita.4,Kaleyüzü Mah
res_city_turkiye_data_kita.4,Kaşaltı Mah
res_city_turkiye_data_kita.4,Kayadibi Mah
res_city_turkiye_data_kita.4,Kırıkuşağı Mah
res_city_turkiye_data_kita.4,Kısacıklı Mah
res_city_turkiye_data_kita.4,Kızılyer Mah
res_city_turkiye_data_kita.4,Koçyazı Mah
res_city_turkiye_data_kita.4,Konakkuran Mah
res_city_turkiye_data_kita.4,Kovukçınar Mah
res_city_turkiye_data_kita.4,Mansurlu Mah
res_city_turkiye_data_kita.4,Musalar Mah
res_city_turkiye_data_kita.4,Olucak Mah
res_city_turkiye_data_kita.4,Ormancık Mah
res_city_turkiye_data_kita.4,Ortaköy Mah
res_city_turkiye_data_kita.4,Oruçlu Mah
res_city_turkiye_data_kita.4,Paşalı Mah
res_city_turkiye_data_kita.4,Süphandere Mah
res_city_turkiye_data_kita.4,Şahmuratlı Mah
res_city_turkiye_data_kita.4,Tenkerli Mah
res_city_turkiye_data_kita.4,Tokmanaklı Mah
res_city_turkiye_data_kita.4,Tortulu Mah
res_city_turkiye_data_kita.4,Uğurlubağ Mah
res_city_turkiye_data_kita.4,Yaylapınar Mah
res_city_turkiye_data_kita.4,Yerebakan Mah
res_city_turkiye_data_kita.4,Belenköy Mah
res_city_turkiye_data_kita.4,Gökçeli Mah
res_city_turkiye_data_kita.4,İslam Mah
res_city_turkiye_data_kita.4,Karacaoğlan Mah
res_city_turkiye_data_kita.4,Karacauşağı Mah
res_city_turkiye_data_kita.4,Kazancı Mah
res_city_turkiye_data_kita.4,Keklikçi Mah
res_city_turkiye_data_kita.4,Sülemişli Mah
res_city_turkiye_data_kita.4,Yeşil Düşmüş Mah
res_city_turkiye_data_kita.5,Adalet Mah
res_city_turkiye_data_kita.5,Cumhuriyet Mah
res_city_turkiye_data_kita.5,Fatih Mah
res_city_turkiye_data_kita.5,Hürriyet Mah
res_city_turkiye_data_kita.5,Menteş Mah
res_city_turkiye_data_kita.5,Tuna Mah
res_city_turkiye_data_kita.5,Ağzıkaraca Mah
res_city_turkiye_data_kita.5,Alaybeyi Mah
res_city_turkiye_data_kita.5,Aliler Mah
res_city_turkiye_data_kita.5,Ayvalı Mah
res_city_turkiye_data_kita.5,Camili Mah
res_city_turkiye_data_kita.5,Çörten Mah
res_city_turkiye_data_kita.5,Danacılı Mah
res_city_turkiye_data_kita.5,Hacıhasanlı Mah
res_city_turkiye_data_kita.5,Koyunevi Mah
res_city_turkiye_data_kita.5,Malıhıdırlı Mah
res_city_turkiye_data_kita.5,Otluk Mah
res_city_turkiye_data_kita.5,Pekmezci Mah
res_city_turkiye_data_kita.5,Sayca Mah
res_city_turkiye_data_kita.5,Saygeçit Mah
res_city_turkiye_data_kita.5,Sevinçli Mah
res_city_turkiye_data_kita.5,Sokutaş Mah
res_city_turkiye_data_kita.5,Ufacıkören Mah
res_city_turkiye_data_kita.5,Uluçınar Mah
res_city_turkiye_data_kita.5,Üçtepe Mah
res_city_turkiye_data_kita.5,Yazıtepe Mah
res_city_turkiye_data_kita.5,Yenievler Mah
res_city_turkiye_data_kita.6,Akçalı Mah
res_city_turkiye_data_kita.6,Aktaş Mah
res_city_turkiye_data_kita.6,Altınova Mah
res_city_turkiye_data_kita.6,Aşağıbelemedik Mah
res_city_turkiye_data_kita.6,Aşağıyörükler Mah
res_city_turkiye_data_kita.6,Ayakkıf Mah
res_city_turkiye_data_kita.6,Barakdağı Mah
res_city_turkiye_data_kita.6,Başkıf Mah
res_city_turkiye_data_kita.6,Bekirli Mah
res_city_turkiye_data_kita.6,Beydemir Mah
res_city_turkiye_data_kita.6,Bolacalı Mah
res_city_turkiye_data_kita.6,Bucak Mah
res_city_turkiye_data_kita.6,Çakallı Mah
res_city_turkiye_data_kita.6,Çatalan Mah
res_city_turkiye_data_kita.6,Çeceli Mah
res_city_turkiye_data_kita.6,Çevlik Mah
res_city_turkiye_data_kita.6,Çocuklar Mah
res_city_turkiye_data_kita.6,Çorlu Mah
res_city_turkiye_data_kita.6,Çukur Mah
res_city_turkiye_data_kita.6,Demirçit Mah
res_city_turkiye_data_kita.6,Döşekevi Mah
res_city_turkiye_data_kita.6,Durak Mah
res_city_turkiye_data_kita.6,Eğlence Mah
res_city_turkiye_data_kita.6,Emelcik Mah
res_city_turkiye_data_kita.6,Etekli Mah
res_city_turkiye_data_kita.6,Fettahlı Mah
res_city_turkiye_data_kita.6,Filikli Mah
res_city_turkiye_data_kita.6,Gildirli Mah
res_city_turkiye_data_kita.6,Gökhasanlı Mah
res_city_turkiye_data_kita.6,Gülüşlü Mah
res_city_turkiye_data_kita.6,Güvenç Mah
res_city_turkiye_data_kita.6,Hacılı Mah
res_city_turkiye_data_kita.6,Hacımusalı Mah
res_city_turkiye_data_kita.6,Kaledağı Mah
res_city_turkiye_data_kita.6,Kapıkaya Mah
res_city_turkiye_data_kita.6,Karahasanlı Mah
res_city_turkiye_data_kita.6,Karakılıç Mah
res_city_turkiye_data_kita.6,Karakuyu Mah
res_city_turkiye_data_kita.6,Karapınar Mah
res_city_turkiye_data_kita.6,Kıralan Mah
res_city_turkiye_data_kita.6,Kırıklı Mah
res_city_turkiye_data_kita.6,Kocaveliler Mah
res_city_turkiye_data_kita.6,Körüklü Mah
res_city_turkiye_data_kita.6,Kuşcusofulu Mah
res_city_turkiye_data_kita.6,Kuyucu Mah
res_city_turkiye_data_kita.6,Kuzgun Mah
res_city_turkiye_data_kita.6,Maraşlı Mah
res_city_turkiye_data_kita.6,Merkezboztahta Mah
res_city_turkiye_data_kita.6,Murtçukuru Mah
res_city_turkiye_data_kita.6,Nergizlik Mah
res_city_turkiye_data_kita.6,Nuhlu Mah
res_city_turkiye_data_kita.6,Ömerli Mah
res_city_turkiye_data_kita.6,Sadıkali Mah
res_city_turkiye_data_kita.6,Sarımehmetli Mah
res_city_turkiye_data_kita.6,Saypınar Mah
res_city_turkiye_data_kita.6,Selampınar Mah
res_city_turkiye_data_kita.6,Tatık Mah
res_city_turkiye_data_kita.6,Topaktaş Mah
res_city_turkiye_data_kita.6,Topkaralı Mah
res_city_turkiye_data_kita.6,Torunsolaklı Mah
res_city_turkiye_data_kita.6,Tümenli Mah
res_city_turkiye_data_kita.6,Yazıbaşı Mah
res_city_turkiye_data_kita.7,Adalı Mah
res_city_turkiye_data_kita.7,Ataköy Mah
res_city_turkiye_data_kita.7,Bahçe Mah
res_city_turkiye_data_kita.7,Bebeli Mah
res_city_turkiye_data_kita.7,Çağşırlı Mah
res_city_turkiye_data_kita.7,Çakırören Mah
res_city_turkiye_data_kita.7,Çavuşlu Mah
res_city_turkiye_data_kita.7,Çimeli Mah
res_city_turkiye_data_kita.7,Çukurkamış Mah
res_city_turkiye_data_kita.7,Damlapınar Mah
res_city_turkiye_data_kita.7,Develiören Mah
res_city_turkiye_data_kita.7,Dolaplı Mah
res_city_turkiye_data_kita.7,Gölkaya Mah
res_city_turkiye_data_kita.7,Hacıhasan Mah
res_city_turkiye_data_kita.7,Hasırağacı Mah
res_city_turkiye_data_kita.7,Helvacı Mah
res_city_turkiye_data_kita.7,İnneplihüyüğü Mah
res_city_turkiye_data_kita.7,İsahacılı Mah
res_city_turkiye_data_kita.7,Kapı Mah
res_city_turkiye_data_kita.7,Karagöçer Mah
res_city_turkiye_data_kita.7,Karataş Mah
res_city_turkiye_data_kita.7,Karşıyaka Mah
res_city_turkiye_data_kita.7,Kemaliye Mah
res_city_turkiye_data_kita.7,Kesik Mah
res_city_turkiye_data_kita.7,Kırhasan Mah
res_city_turkiye_data_kita.7,Kızıltahta Mah
res_city_turkiye_data_kita.7,Kiremitli Mah
res_city_turkiye_data_kita.7,Meletmez Mah
res_city_turkiye_data_kita.7,Orta Mah
res_city_turkiye_data_kita.7,Oymaklı Mah
res_city_turkiye_data_kita.7,Sarımsak Mah
res_city_turkiye_data_kita.7,Sirkenli Mah
res_city_turkiye_data_kita.7,Tabaklar Mah
res_city_turkiye_data_kita.7,Tabur Mah
res_city_turkiye_data_kita.7,Terliksiz Mah
res_city_turkiye_data_kita.7,Topraklı Mah
res_city_turkiye_data_kita.7,Tuzkuyusu Mah
res_city_turkiye_data_kita.7,Tuzla Mah
res_city_turkiye_data_kita.7,Yassıveren Mah
res_city_turkiye_data_kita.7,Yemişli Mah
res_city_turkiye_data_kita.7,Yeni Mah
res_city_turkiye_data_kita.7,Yenimurat Mah
res_city_turkiye_data_kita.7,Yüzbaşı Mah
res_city_turkiye_data_kita.8,Gazi Mah
res_city_turkiye_data_kita.8,Hacıbeyli Mah
res_city_turkiye_data_kita.8,Acarmantaş Mah
res_city_turkiye_data_kita.8,Akarca Mah
res_city_turkiye_data_kita.8,Akçalıuşağı Mah
res_city_turkiye_data_kita.8,Akdam Mah
res_city_turkiye_data_kita.8,Akkaya Mah
res_city_turkiye_data_kita.8,Alapınar Mah
res_city_turkiye_data_kita.8,Andıl Mah
res_city_turkiye_data_kita.8,Arslanlı Mah
res_city_turkiye_data_kita.8,Aydın Mah
res_city_turkiye_data_kita.8,Ayşehoca Mah
res_city_turkiye_data_kita.8,Bağözü Mah
res_city_turkiye_data_kita.8,Bağtepe Mah
res_city_turkiye_data_kita.8,Boztahta Mah
res_city_turkiye_data_kita.8,Bucak Mah
res_city_turkiye_data_kita.8,Bulduklu Mah
res_city_turkiye_data_kita.8,Çamdere Mah
res_city_turkiye_data_kita.8,Çamlarca Mah
res_city_turkiye_data_kita.8,Çandık Mah
res_city_turkiye_data_kita.8,Çelenuşağı Mah
res_city_turkiye_data_kita.8,Çobanpınarı Mah
res_city_turkiye_data_kita.8,Çokak Mah
res_city_turkiye_data_kita.8,Çukurören Mah
res_city_turkiye_data_kita.8,Çulluuşağı Mah
res_city_turkiye_data_kita.8,Çürüklü Mah
res_city_turkiye_data_kita.8,Damyeri Mah
res_city_turkiye_data_kita.8,Dikilitaş Mah
res_city_turkiye_data_kita.8,Dilekkaya Mah
res_city_turkiye_data_kita.8,Doğanalanı Mah
res_city_turkiye_data_kita.8,Duraluşağı Mah
res_city_turkiye_data_kita.8,Durmuşlu Mah
res_city_turkiye_data_kita.8,Düzağaç Mah
res_city_turkiye_data_kita.8,Enizçakırı Mah
res_city_turkiye_data_kita.8,Ergenuşağı Mah
res_city_turkiye_data_kita.8,Eskikabasakal Mah
res_city_turkiye_data_kita.8,Eskimantaş Mah
res_city_turkiye_data_kita.8,Faydalı Mah
res_city_turkiye_data_kita.8,Ferhatlı Mah
res_city_turkiye_data_kita.8,Gedikli Mah
res_city_turkiye_data_kita.8,Gökçeyol Mah
res_city_turkiye_data_kita.8,Gökgöz Mah
res_city_turkiye_data_kita.8,Görbeyaz Mah
res_city_turkiye_data_kita.8,Güneri Mah
res_city_turkiye_data_kita.8,Hacımirzalı Mah
res_city_turkiye_data_kita.8,Hamam Mah
res_city_turkiye_data_kita.8,Ilıca Mah
res_city_turkiye_data_kita.8,Işıkkaya Mah
res_city_turkiye_data_kita.8,Işıklı Mah
res_city_turkiye_data_kita.8,İdemköy Mah
res_city_turkiye_data_kita.8,Kabaktepe Mah
res_city_turkiye_data_kita.8,Kahveli Mah
res_city_turkiye_data_kita.8,Kalkumaç Mah
res_city_turkiye_data_kita.8,Kapıkaya Mah
res_city_turkiye_data_kita.8,Karabucak Mah
res_city_turkiye_data_kita.8,Karacaören Mah
res_city_turkiye_data_kita.8,Karahamzalı Mah
res_city_turkiye_data_kita.8,Karanebili Mah
res_city_turkiye_data_kita.8,Kemerköy Mah
res_city_turkiye_data_kita.8,Kıbrıslar Mah
res_city_turkiye_data_kita.8,Kızıllar Mah
res_city_turkiye_data_kita.8,Kızlarsekisi Mah
res_city_turkiye_data_kita.8,Köseli Mah
res_city_turkiye_data_kita.8,Kuytucak Mah
res_city_turkiye_data_kita.8,Kuyubeli Mah
res_city_turkiye_data_kita.8,Kuyuluk Mah
res_city_turkiye_data_kita.8,Mahyalar Mah
res_city_turkiye_data_kita.8,Marankeçili Mah
res_city_turkiye_data_kita.8,Minnetli Mah
res_city_turkiye_data_kita.8,Orçan Mah
res_city_turkiye_data_kita.8,Oruçlu Mah
res_city_turkiye_data_kita.8,Örendere Mah
res_city_turkiye_data_kita.8,Özbaşı Mah
res_city_turkiye_data_kita.8,Pekmezci Mah
res_city_turkiye_data_kita.8,Postkabasakal Mah
res_city_turkiye_data_kita.8,Salmanlı Mah
res_city_turkiye_data_kita.8,Şerifli Mah
res_city_turkiye_data_kita.8,Tepecikören Mah
res_city_turkiye_data_kita.8,Tufanlı Mah
res_city_turkiye_data_kita.8,Turgutlu Mah
res_city_turkiye_data_kita.8,Turunçlu Mah
res_city_turkiye_data_kita.8,Velicanlı Mah
res_city_turkiye_data_kita.8,Yanalerik Mah
res_city_turkiye_data_kita.8,Yassıçalı Mah
res_city_turkiye_data_kita.8,Yeniköy Mah
res_city_turkiye_data_kita.8,Yukarıkeçili Mah
res_city_turkiye_data_kita.8,Yüksekören Mah
res_city_turkiye_data_kita.8,Zerdali Mah
res_city_turkiye_data_kita.8,Ağlıboğaz Mah
res_city_turkiye_data_kita.8,Arslanpaşa Mah
res_city_turkiye_data_kita.8,Bağlar Mah
res_city_turkiye_data_kita.8,Cumhuriyet Mah
res_city_turkiye_data_kita.8,Çanaklı Mah
res_city_turkiye_data_kita.8,Hacıuşağı Mah
res_city_turkiye_data_kita.8,Karacaoğlan Mah
res_city_turkiye_data_kita.8,Mahmutlu Mah
res_city_turkiye_data_kita.8,Şevkiye Mah
res_city_turkiye_data_kita.8,Taş Mah
res_city_turkiye_data_kita.8,Tavşantepe Mah
res_city_turkiye_data_kita.8,Tufanpaşa Mah
res_city_turkiye_data_kita.8,Türkeli Mah
res_city_turkiye_data_kita.8,Varsaklar Mah
res_city_turkiye_data_kita.8,Yarımoğlu Mah
res_city_turkiye_data_kita.9,Akçatekir Mah
res_city_turkiye_data_kita.9,Alpu Mah
res_city_turkiye_data_kita.9,Aşçıbekirli Mah
res_city_turkiye_data_kita.9,Belemedik Mah
res_city_turkiye_data_kita.9,Çamlıbel Mah
res_city_turkiye_data_kita.9,Dağdibi Mah
res_city_turkiye_data_kita.9,Eskikonacık Mah
res_city_turkiye_data_kita.9,Fındıklı Mah
res_city_turkiye_data_kita.9,Gökbez Mah
res_city_turkiye_data_kita.9,Hamidiye Mah
res_city_turkiye_data_kita.9,Kamışlı Mah
res_city_turkiye_data_kita.9,Karakışlakçı Mah
res_city_turkiye_data_kita.9,Ömerli Mah
res_city_turkiye_data_kita.9,Yağlıtaş Mah
res_city_turkiye_data_kita.9,Yazıcak Mah
res_city_turkiye_data_kita.9,Yenikonacık Mah
res_city_turkiye_data_kita.9,Yukarıbelemedik Mah
res_city_turkiye_data_kita.9,Cumhuriyet Mah
res_city_turkiye_data_kita.9,İstiklal Mah
res_city_turkiye_data_kita.9,Kurtuluş Mah
res_city_turkiye_data_kita.9,Zafer Mah
res_city_turkiye_data_kita.10,Aksaağaç Mah
res_city_turkiye_data_kita.10,Avcıpınarı Mah
res_city_turkiye_data_kita.10,Ayvacık Mah
res_city_turkiye_data_kita.10,Beypınarı Mah
res_city_turkiye_data_kita.10,Cumhurlu Mah
res_city_turkiye_data_kita.10,Çatak Mah
res_city_turkiye_data_kita.10,Çeralan Mah
res_city_turkiye_data_kita.10,Çorak Mah
res_city_turkiye_data_kita.10,Değirmenciuşağı Mah
res_city_turkiye_data_kita.10,Eyüplü Mah
res_city_turkiye_data_kita.10,Fatih Mah
res_city_turkiye_data_kita.10,Gökmenler Mah
res_city_turkiye_data_kita.10,Gürleşen Mah
res_city_turkiye_data_kita.10,Halilbeyli Mah
res_city_turkiye_data_kita.10,Himmetli Mah
res_city_turkiye_data_kita.10,İslam Mah
res_city_turkiye_data_kita.10,Kandilli Mah
res_city_turkiye_data_kita.10,Kapaklıkuyu Mah
res_city_turkiye_data_kita.10,Karakuyu Mah
res_city_turkiye_data_kita.10,Kızılağaç Mah
res_city_turkiye_data_kita.10,Mahmutlu Mah
res_city_turkiye_data_kita.10,Naltaş Mah
res_city_turkiye_data_kita.10,Narlıdere Mah
res_city_turkiye_data_kita.10,Topallar Mah
res_city_turkiye_data_kita.10,Tülü Mah
res_city_turkiye_data_kita.10,Yardibi Mah
res_city_turkiye_data_kita.10,Yeniköy Mah
res_city_turkiye_data_kita.10,Yeşilbağlar Mah
res_city_turkiye_data_kita.11,Acıdereosb Mah
res_city_turkiye_data_kita.11,Beyceli Mah
res_city_turkiye_data_kita.11,Buruk Cumhuriyet Mah
res_city_turkiye_data_kita.11,İstiklal Mah
res_city_turkiye_data_kita.11,Sofudede Mah
res_city_turkiye_data_kita.11,Hürriyet Mah
res_city_turkiye_data_kita.11,Kemalpaşa Mah
res_city_turkiye_data_kita.11,Yeni Mah
res_city_turkiye_data_kita.11,Acıdere Mah
res_city_turkiye_data_kita.11,Aflak Mah
res_city_turkiye_data_kita.11,Akkuyu Mah
res_city_turkiye_data_kita.11,Avcılar Mah
res_city_turkiye_data_kita.11,Aydınyurdu Mah
res_city_turkiye_data_kita.11,Ayvalı Mah
res_city_turkiye_data_kita.11,Bayram Hacılı Mah
res_city_turkiye_data_kita.11,Boynuyoğun Mah
res_city_turkiye_data_kita.11,Boztepe Mah
res_city_turkiye_data_kita.11,Büyük Baklalı Mah
res_city_turkiye_data_kita.11,Cerenli Mah
res_city_turkiye_data_kita.11,Cihadiye Mah
res_city_turkiye_data_kita.11,Çamlıca Mah
res_city_turkiye_data_kita.11,Çarkıpare Mah
res_city_turkiye_data_kita.11,Çaylı Mah
res_city_turkiye_data_kita.11,Çınarlı Mah
res_city_turkiye_data_kita.11,Çiçekli Mah
res_city_turkiye_data_kita.11,Çirişgediği Mah
res_city_turkiye_data_kita.11,Dağcı Mah
res_city_turkiye_data_kita.11,Dutluca Mah
res_city_turkiye_data_kita.11,Eğeciuşağı Mah
res_city_turkiye_data_kita.11,Ertuğrulgazi Mah
res_city_turkiye_data_kita.11,Gökbuket Mah
res_city_turkiye_data_kita.11,Göztepe Mah
res_city_turkiye_data_kita.11,Hakkıbeyli Mah
res_city_turkiye_data_kita.11,Hasanbeyli Mah
res_city_turkiye_data_kita.11,Hocallı Mah
res_city_turkiye_data_kita.11,Karaömerli Mah
res_city_turkiye_data_kita.11,Karayusuflu Mah
res_city_turkiye_data_kita.11,Kargakekeç Mah
res_city_turkiye_data_kita.11,Karlık Mah
res_city_turkiye_data_kita.11,Kaşobası Mah
res_city_turkiye_data_kita.11,Kepeztepe Mah
res_city_turkiye_data_kita.11,Kılbaş Mah
res_city_turkiye_data_kita.11,Kılıçlı Mah
res_city_turkiye_data_kita.11,Kızılkaş Mah
res_city_turkiye_data_kita.11,Kösefakılı Mah
res_city_turkiye_data_kita.11,Küçükbaklalı Mah
res_city_turkiye_data_kita.11,Maltepe Mah
res_city_turkiye_data_kita.11,Menekşe Mah
res_city_turkiye_data_kita.11,Mustafalar Mah
res_city_turkiye_data_kita.11,Müminli Mah
res_city_turkiye_data_kita.11,Osmangazi Mah
res_city_turkiye_data_kita.11,Sarıçam Mah
res_city_turkiye_data_kita.11,Suluca Mah
res_city_turkiye_data_kita.11,Turunçlu Mah
res_city_turkiye_data_kita.11,Ünlüce Mah
res_city_turkiye_data_kita.11,Yağızlar Mah
res_city_turkiye_data_kita.11,Yarımca Mah
res_city_turkiye_data_kita.11,Yeniyayla Mah
res_city_turkiye_data_kita.11,Yürekli Mah
res_city_turkiye_data_kita.11,Balcalı Mah
res_city_turkiye_data_kita.11,Esentepe Mah
res_city_turkiye_data_kita.11,Gültepe Mah
res_city_turkiye_data_kita.11,Mehmet Akif Ersoy Mah
res_city_turkiye_data_kita.11,Orhangazi Mah
res_city_turkiye_data_kita.11,Remzi Oğuz Arık Mah
res_city_turkiye_data_kita.11,Şahintepe Mah
res_city_turkiye_data_kita.11,Yavuz Sultan Selim Mah
res_city_turkiye_data_kita.11,Yeşiltepe Mah
res_city_turkiye_data_kita.11,Yıldırım Beyazıt Mah
res_city_turkiye_data_kita.12,Akkapı Mah
res_city_turkiye_data_kita.12,Dağlıoğlu Mah
res_city_turkiye_data_kita.12,Ahmet Remzi Yüreğir Mah
res_city_turkiye_data_kita.12,Denizli Mah
res_city_turkiye_data_kita.12,Kurtuluş Mah
res_city_turkiye_data_kita.12,Mithatpaşa Mah
res_city_turkiye_data_kita.12,Sakarya Mah
res_city_turkiye_data_kita.12,Emek Mah
res_city_turkiye_data_kita.12,Ova Mah
res_city_turkiye_data_kita.12,Şakirpaşa Mah
res_city_turkiye_data_kita.12,Uçak Mah
res_city_turkiye_data_kita.12,Aydınlar Mah
res_city_turkiye_data_kita.12,Barış Mah
res_city_turkiye_data_kita.12,Fevzipaşa Mah
res_city_turkiye_data_kita.12,Cemalpaşa Mah
res_city_turkiye_data_kita.12,Reşatbey Mah
res_city_turkiye_data_kita.12,Gülbahçesi Mah
res_city_turkiye_data_kita.12,2000 Evler Mah
res_city_turkiye_data_kita.12,Bahçeşehir Mah
res_city_turkiye_data_kita.12,Gürselpaşa Mah
res_city_turkiye_data_kita.12,Yeni Mah
res_city_turkiye_data_kita.12,Hadırlı Mah
res_city_turkiye_data_kita.12,Alidede Mah
res_city_turkiye_data_kita.12,Beşocak Mah
res_city_turkiye_data_kita.12,Mestanzade Mah
res_city_turkiye_data_kita.12,Sarıyakup Mah
res_city_turkiye_data_kita.12,Şehitduran Mah
res_city_turkiye_data_kita.12,Türkocağı Mah
res_city_turkiye_data_kita.12,Yenibey Mah
res_city_turkiye_data_kita.12,Bahçelievler Mah
res_city_turkiye_data_kita.12,Büyükçıldırım Mah
res_city_turkiye_data_kita.12,Büyükdikili Mah
res_city_turkiye_data_kita.12,Camuzcu Mah
res_city_turkiye_data_kita.12,Çaputçu Mah
res_city_turkiye_data_kita.12,Dervişler Mah
res_city_turkiye_data_kita.12,Dörtağaç Mah
res_city_turkiye_data_kita.12,Gökçeler Mah
res_city_turkiye_data_kita.12,Gölbaşı Mah
res_city_turkiye_data_kita.12,Karakuyu Mah
res_city_turkiye_data_kita.12,Karayusuflu Mah
res_city_turkiye_data_kita.12,Kayışlı Mah
res_city_turkiye_data_kita.12,Koyuncu Mah
res_city_turkiye_data_kita.12,Köylüoğlu Mah
res_city_turkiye_data_kita.12,Kuyumcular Mah
res_city_turkiye_data_kita.12,Küçükçıldırım Mah
res_city_turkiye_data_kita.12,Mürseloğlu Mah
res_city_turkiye_data_kita.12,Salmanbeyli Mah
res_city_turkiye_data_kita.12,Sarıhuğlar Mah
res_city_turkiye_data_kita.12,Serinevler Mah
res_city_turkiye_data_kita.12,Yalmanlı Mah
res_city_turkiye_data_kita.12,Yenidam Mah
res_city_turkiye_data_kita.12,Yolgeçen Mah
res_city_turkiye_data_kita.12,Zeytinli Mah
res_city_turkiye_data_kita.12,Çınarlı Mah
res_city_turkiye_data_kita.12,Döşeme Mah
res_city_turkiye_data_kita.12,Hanedan Mah
res_city_turkiye_data_kita.12,Hurmalı Mah
res_city_turkiye_data_kita.12,İstiklal Mah
res_city_turkiye_data_kita.12,Kocavezir Mah
res_city_turkiye_data_kita.12,Kuruköprü Mah
res_city_turkiye_data_kita.12,Kavaklı Mah
res_city_turkiye_data_kita.12,Koza Mah
res_city_turkiye_data_kita.12,Küçükdikili Mah
res_city_turkiye_data_kita.12,Mekan Mah
res_city_turkiye_data_kita.12,Fatih Mah
res_city_turkiye_data_kita.12,Pınar Mah
res_city_turkiye_data_kita.12,Tellidere Mah
res_city_turkiye_data_kita.12,Dumlupınar Mah
res_city_turkiye_data_kita.12,Gülpınar Mah
res_city_turkiye_data_kita.12,Meydan Mah
res_city_turkiye_data_kita.12,Mirzaçelebi Mah
res_city_turkiye_data_kita.12,Yeşilyuva Mah
res_city_turkiye_data_kita.12,Barbaros Mah
res_city_turkiye_data_kita.12,Bey Mah
res_city_turkiye_data_kita.12,Havuzlubahçe Mah
res_city_turkiye_data_kita.12,Hürriyet Mah
res_city_turkiye_data_kita.12,Mıdık Mah
res_city_turkiye_data_kita.12,Sucuzade Mah
res_city_turkiye_data_kita.12,Onur Mah
res_city_turkiye_data_kita.12,Yeşiloba Mah
res_city_turkiye_data_kita.12,Karasoku Mah
res_city_turkiye_data_kita.12,Kayalıbağ Mah
res_city_turkiye_data_kita.12,Tepebağ Mah
res_city_turkiye_data_kita.12,Ulucamii Mah
res_city_turkiye_data_kita.12,Demetevler Mah
res_city_turkiye_data_kita.12,İsmetpaşa Mah
res_city_turkiye_data_kita.12,Narlıca Mah
res_city_turkiye_data_kita.12,Yeşilevler Mah
res_city_turkiye_data_kita.12,Sarıhamzalı Mah
res_city_turkiye_data_kita.12,Söğütlü Mah
res_city_turkiye_data_kita.12,Yenibaraj Mah
res_city_turkiye_data_kita.12,Yeşilyurt Mah
res_city_turkiye_data_kita.12,Gazipaşa Mah
res_city_turkiye_data_kita.12,Namık Kemal Mah
res_city_turkiye_data_kita.12,Sümer Mah
res_city_turkiye_data_kita.12,Ziyapaşa Mah
res_city_turkiye_data_kita.13,Akçal Mah
res_city_turkiye_data_kita.13,Akpınar Mah
res_city_turkiye_data_kita.13,Ayvat Mah
res_city_turkiye_data_kita.13,Bolatpınarı Mah
res_city_turkiye_data_kita.13,Bozgüney Mah
res_city_turkiye_data_kita.13,Çatalçam Mah
res_city_turkiye_data_kita.13,Çukurkışla Mah
res_city_turkiye_data_kita.13,Damlalı Mah
res_city_turkiye_data_kita.13,Demiroluk Mah
res_city_turkiye_data_kita.13,Doğanbeyli Mah
res_city_turkiye_data_kita.13,Doğanlı Mah
res_city_turkiye_data_kita.13,Elemanlı Mah
res_city_turkiye_data_kita.13,Evci Mah
res_city_turkiye_data_kita.13,Fatmakuyu Mah
res_city_turkiye_data_kita.13,Güzelim Mah
res_city_turkiye_data_kita.13,Hanyeri Mah
res_city_turkiye_data_kita.13,İğdebel Mah
res_city_turkiye_data_kita.13,Karsavran Mah
res_city_turkiye_data_kita.13,Kayapınar Mah
res_city_turkiye_data_kita.13,Kayarcık Mah
res_city_turkiye_data_kita.13,Kirazlıyurt Mah
res_city_turkiye_data_kita.13,Koccağız Mah
res_city_turkiye_data_kita.13,Ortaköy Mah
res_city_turkiye_data_kita.13,Pekmezli Mah
res_city_turkiye_data_kita.13,Pınarlar Mah
res_city_turkiye_data_kita.13,Şar Mah
res_city_turkiye_data_kita.13,Taşpınar Mah
res_city_turkiye_data_kita.13,Tozlu Mah
res_city_turkiye_data_kita.13,Yamanlı Mah
res_city_turkiye_data_kita.13,Yeşilova Mah
res_city_turkiye_data_kita.13,Cumhuriyet Mah
res_city_turkiye_data_kita.13,İstiklal Mah
res_city_turkiye_data_kita.13,Yenicami Mah
res_city_turkiye_data_kita.14,Asmalı Mah
res_city_turkiye_data_kita.14,Ayvalık Mah
res_city_turkiye_data_kita.14,Demirtaş Mah
res_city_turkiye_data_kita.14,Deveciuşağı Mah
res_city_turkiye_data_kita.14,Gölovası Mah
res_city_turkiye_data_kita.14,Hamzalı Mah
res_city_turkiye_data_kita.14,Haylazlı Mah
res_city_turkiye_data_kita.14,Kaldırım Mah
res_city_turkiye_data_kita.14,Kalemli Mah
res_city_turkiye_data_kita.14,Kesmeburun Mah
res_city_turkiye_data_kita.14,Kırmızıdam Mah
res_city_turkiye_data_kita.14,Kuzupınarı Mah
res_city_turkiye_data_kita.14,Narlıören Mah
res_city_turkiye_data_kita.14,Sugözü Mah
res_city_turkiye_data_kita.14,Yeniköy Mah
res_city_turkiye_data_kita.14,Yeşilköy Mah
res_city_turkiye_data_kita.14,Yumurtalık Mah
res_city_turkiye_data_kita.14,Zeytinbeli Mah
res_city_turkiye_data_kita.14,Akdeniz Mah
res_city_turkiye_data_kita.14,Akyuva Mah
res_city_turkiye_data_kita.14,Ayas Mah
res_city_turkiye_data_kita.14,Devrişiye Mah
res_city_turkiye_data_kita.14,Kemalpaşa Mah
res_city_turkiye_data_kita.14,Ören Mah
res_city_turkiye_data_kita.15,Yakapınar Mah
res_city_turkiye_data_kita.15,Abdioğlu Cumhuriyet Mah
res_city_turkiye_data_kita.15,Ağzıbüyük Mah
res_city_turkiye_data_kita.15,Akarcalı Mah
res_city_turkiye_data_kita.15,Akdam Mah
res_city_turkiye_data_kita.15,Akpınar Mah
res_city_turkiye_data_kita.15,Alihocalı Mah
res_city_turkiye_data_kita.15,Aydıncık Mah
res_city_turkiye_data_kita.15,Belören Mah
res_city_turkiye_data_kita.15,Beyköy Mah
res_city_turkiye_data_kita.15,Büyükkapılı Mah
res_city_turkiye_data_kita.15,Camili Mah
res_city_turkiye_data_kita.15,Cırık Mah
res_city_turkiye_data_kita.15,Cine Mah
res_city_turkiye_data_kita.15,Çağırkanlı Mah
res_city_turkiye_data_kita.15,Çatalpınar Mah
res_city_turkiye_data_kita.15,Çelemli Mah
res_city_turkiye_data_kita.15,Çotlu Mah
res_city_turkiye_data_kita.15,Danışment Mah
res_city_turkiye_data_kita.15,Dedepınarı Mah
res_city_turkiye_data_kita.15,Denizkuyusu Mah
res_city_turkiye_data_kita.15,Düzce Mah
res_city_turkiye_data_kita.15,Eğriağaç Mah
res_city_turkiye_data_kita.15,Esenler Mah
res_city_turkiye_data_kita.15,Geçitli Cumhuriyet Mah
res_city_turkiye_data_kita.15,Gökçeli Mah
res_city_turkiye_data_kita.15,Gümüşyazı Mah
res_city_turkiye_data_kita.15,Güveloğlu Mah
res_city_turkiye_data_kita.15,Hacıali Mah
res_city_turkiye_data_kita.15,Havraniye Mah
res_city_turkiye_data_kita.15,Herekli Mah
res_city_turkiye_data_kita.15,Irmakbaşı Mah
res_city_turkiye_data_kita.15,Kadıköy Mah
res_city_turkiye_data_kita.15,Kamışlı Mah
res_city_turkiye_data_kita.15,Karaahmetli Mah
res_city_turkiye_data_kita.15,Kaşlıca Mah
res_city_turkiye_data_kita.15,Kayarlı Mah
res_city_turkiye_data_kita.15,Köklüce Mah
res_city_turkiye_data_kita.15,Köprügözü Mah
res_city_turkiye_data_kita.15,Kütüklü Mah
res_city_turkiye_data_kita.15,Özler Mah
res_city_turkiye_data_kita.15,Paşaköy Mah
res_city_turkiye_data_kita.15,Pekmezli Mah
res_city_turkiye_data_kita.15,Sağdıçlı Mah
res_city_turkiye_data_kita.15,Sakızlı Mah
res_city_turkiye_data_kita.15,Sazak Mah
res_city_turkiye_data_kita.15,Şahinağa Mah
res_city_turkiye_data_kita.15,Şeyhmurat Mah
res_city_turkiye_data_kita.15,Taşçı Mah
res_city_turkiye_data_kita.15,Vayvaylı Mah
res_city_turkiye_data_kita.15,Yahşiler Mah
res_city_turkiye_data_kita.15,Yalnızca Mah
res_city_turkiye_data_kita.15,Yenice Mah
res_city_turkiye_data_kita.15,Yeniköy Mah
res_city_turkiye_data_kita.15,Yerdelen Mah
res_city_turkiye_data_kita.15,Yukarıçiçekli Mah
res_city_turkiye_data_kita.15,Yunusoğlu Cumhuriyet Mah
res_city_turkiye_data_kita.15,Yunusoğlu Hürriyet Mah
res_city_turkiye_data_kita.15,Zağarlı Mah
res_city_turkiye_data_kita.15,19 Mayıs Mah
res_city_turkiye_data_kita.15,Anadolu Mah
res_city_turkiye_data_kita.15,Bahçelievler Mah
res_city_turkiye_data_kita.15,Başak Mah
res_city_turkiye_data_kita.15,Dede Korkut Mah
res_city_turkiye_data_kita.15,Güzelevler Mah
res_city_turkiye_data_kita.15,Koza Mah
res_city_turkiye_data_kita.15,Levent Mah
res_city_turkiye_data_kita.15,Yeşil Bağlar Mah
res_city_turkiye_data_kita.15,Yunus Emre Mah
res_city_turkiye_data_kita.15,Doğankent Bahçelievler Mah
res_city_turkiye_data_kita.15,Doğankent Cumhuriyet Mah
res_city_turkiye_data_kita.15,Doğankent Kışla Mah
res_city_turkiye_data_kita.15,Gazipaşa Mah
res_city_turkiye_data_kita.15,Atatürk Mah
res_city_turkiye_data_kita.15,Havutlu Mah
res_city_turkiye_data_kita.15,Solaklı Cumhuriyet Mah
res_city_turkiye_data_kita.15,Solaklı Hürriyet Mah
res_city_turkiye_data_kita.15,Güzel Cumhuriyet Mah
res_city_turkiye_data_kita.15,Atakent Mah
res_city_turkiye_data_kita.15,Çamlıbel Mah
res_city_turkiye_data_kita.15,Dervişler Mah
res_city_turkiye_data_kita.15,Kiremithane Mah
res_city_turkiye_data_kita.15,Mutlu Mah
res_city_turkiye_data_kita.15,Şehit Erkut Akbay Mah
res_city_turkiye_data_kita.15,Tahsilli Mah
res_city_turkiye_data_kita.15,Ulubatlı Hasan Mah
res_city_turkiye_data_kita.15,Cumhuriyet Mah
res_city_turkiye_data_kita.15,Güneşli Mah
res_city_turkiye_data_kita.15,Kazım Karabekir Mah
res_city_turkiye_data_kita.15,Kışla Mah
res_city_turkiye_data_kita.15,Köprülü Mah
res_city_turkiye_data_kita.15,Yenidoğan Mah
res_city_turkiye_data_kita.15,Dadaloğlu Mah
res_city_turkiye_data_kita.15,Karacaoğlan Mah
res_city_turkiye_data_kita.15,P.T.T Mah
res_city_turkiye_data_kita.15,Selahattin Eyyubi Mah
res_city_turkiye_data_kita.15,Serinevler Mah
res_city_turkiye_data_kita.15,Eski Misis Mah
res_city_turkiye_data_kita.15,Akdeniz Mah
res_city_turkiye_data_kita.15,Haydaroğlu Mah
res_city_turkiye_data_kita.15,Seyhan Mah
res_city_turkiye_data_kita.15,Yamaçlı Mah
res_city_turkiye_data_kita.15,Akıncılar Mah
res_city_turkiye_data_kita.15,Özgür Mah
res_city_turkiye_data_kita.15,Sarıçam Mah
res_city_turkiye_data_kita.15,Sinanpaşa Mah
res_city_turkiye_data_kita.15,Yavuzlar Mah
res_city_turkiye_data_kita.16,15 Temmuz Şehitler Mah
res_city_turkiye_data_kita.16,Aşağısarhan Mah
res_city_turkiye_data_kita.16,Cirit Meydanı Mah
res_city_turkiye_data_kita.16,Çat Mah
res_city_turkiye_data_kita.16,Dumlupınar Mah
res_city_turkiye_data_kita.16,Erdemoğlu Mah
res_city_turkiye_data_kita.16,Kaymakam Hasan Tütün Mah
res_city_turkiye_data_kita.16,Korupınar Mah
res_city_turkiye_data_kita.16,Oyalı Mah
res_city_turkiye_data_kita.16,Pınarbaşı Mah
res_city_turkiye_data_kita.16,Pınarbaşıosb Mah
res_city_turkiye_data_kita.16,Yeni Besni Mah
res_city_turkiye_data_kita.16,Yukarı Sarhan Mah
res_city_turkiye_data_kita.16,Abımıstık Mah (Çakırhüyük Beldesi)
res_city_turkiye_data_kita.16,Akdurak Köyü
res_city_turkiye_data_kita.16,Akkuyu Köyü
res_city_turkiye_data_kita.16,Aktepe Köyü
res_city_turkiye_data_kita.16,Alıçlı Köyü
res_city_turkiye_data_kita.16,Boybeypınarı Mah (Çakırhüyük Beldesi)
res_city_turkiye_data_kita.16,Camuşçu Köyü
res_city_turkiye_data_kita.16,Çakmak Mah (Akdurak Köyü)
res_city_turkiye_data_kita.16,Çomak Köyü
res_city_turkiye_data_kita.16,Gönderme Mah (Konuklu Köyü)
res_city_turkiye_data_kita.16,Hasanlı Köyü
res_city_turkiye_data_kita.16,Höyük Mah (Çomak Köyü)
res_city_turkiye_data_kita.16,İznik Mah (Konuklu Köyü)
res_city_turkiye_data_kita.16,İzollu Köyü
res_city_turkiye_data_kita.16,Kargalı Köyü
res_city_turkiye_data_kita.16,Karnaçık Mah (Kutluca Köyü)
res_city_turkiye_data_kita.16,Konuklu Köyü
res_city_turkiye_data_kita.16,Köprübaşı Mah (Çakırhüyük Beldesi)
res_city_turkiye_data_kita.16,Kutluca Köyü
res_city_turkiye_data_kita.16,Levzin Mah (Çakırhüyük Beldesi)
res_city_turkiye_data_kita.16,Sarıçiçek Mah (Konuklu Köyü)
res_city_turkiye_data_kita.16,Tileyli Mah (Yazıbeydili Köyü)
res_city_turkiye_data_kita.16,Yazıbeydili Köyü
res_city_turkiye_data_kita.16,Yenikurugöl Mah (Akdurak Köyü)
res_city_turkiye_data_kita.16,Yeşilova Mah (Çakırhüyük Beldesi)
res_city_turkiye_data_kita.16,Yoldüzü Köyü
res_city_turkiye_data_kita.16,Yukarısöğütlü Köyü
res_city_turkiye_data_kita.16,Yusufağa Mah (Akkuyu Köyü)
res_city_turkiye_data_kita.16,Atatürk Mah (Kesmetepe Beldesi)
res_city_turkiye_data_kita.16,Çakmak Mah (Kesmetepe Beldesi)
res_city_turkiye_data_kita.16,Fatih Mah (Kesmetepe Beldesi)
res_city_turkiye_data_kita.16,İnce Mah (Kesmetepe Beldesi)
res_city_turkiye_data_kita.16,İnönü Mah (Kesmetepe Beldesi)
res_city_turkiye_data_kita.16,Turgut Özal Mah (Kesmetepe Beldesi)
res_city_turkiye_data_kita.16,Aşağısöğütlü Mah (Köseceli Beldesi)
res_city_turkiye_data_kita.16,Cumhuriyet Mah (Köseceli Beldesi)
res_city_turkiye_data_kita.16,Hürriyet Mah (Köseceli Beldesi)
res_city_turkiye_data_kita.16,Tetirli Mah (Köseceli Beldesi)
res_city_turkiye_data_kita.16,Ahuri Mah (Sarıkaya Köyü)
res_city_turkiye_data_kita.16,Akdoğanlar Mah (Berete Köyü)
res_city_turkiye_data_kita.16,Akpınar Köyü
res_city_turkiye_data_kita.16,Akyazı Köyü
res_city_turkiye_data_kita.16,Ali Erdemoğlu Mah
res_city_turkiye_data_kita.16,Aşağıçöplü Köyü
res_city_turkiye_data_kita.16,Atatürk Mah (Sugözü Köyü)
res_city_turkiye_data_kita.16,Atatürk Mah (Üçgöz Köyü)
res_city_turkiye_data_kita.16,Bahri Mah (Bahri Köyü)
res_city_turkiye_data_kita.16,Balka Mah (Beşyol Köyü)
res_city_turkiye_data_kita.16,Bereketli Köyü
res_city_turkiye_data_kita.16,Beşkoz Köyü
res_city_turkiye_data_kita.16,Beşyol Köyü
res_city_turkiye_data_kita.16,Boncuk Köyü
res_city_turkiye_data_kita.16,Burunçayır Köyü
res_city_turkiye_data_kita.16,Cumhuriyet Mah (Sarıyaprak Köyü)
res_city_turkiye_data_kita.16,Cumhurriyet Mah (Üçgöz Köyü)
res_city_turkiye_data_kita.16,Çamlıca Köyü
res_city_turkiye_data_kita.16,Çaykaya Köyü
res_city_turkiye_data_kita.16,Çilboğaz Köyü
res_city_turkiye_data_kita.16,Çorman Mah (Tokar Köyü)
res_city_turkiye_data_kita.16,Çöplükışla Mah (Yeniköy Köyü)
res_city_turkiye_data_kita.16,Deliseki Mah (Çamlıca Köyü)
res_city_turkiye_data_kita.16,Dikilitaş Köyü
res_city_turkiye_data_kita.16,Dörtyol Köyü
res_city_turkiye_data_kita.16,Eğerli Köyü
res_city_turkiye_data_kita.16,Fatih Mah (Sarıyaprak Köyü)
res_city_turkiye_data_kita.16,Geçitli Köyü
res_city_turkiye_data_kita.16,Güneykaş Köyü
res_city_turkiye_data_kita.16,Hacıhalil Köyü
res_city_turkiye_data_kita.16,Harmanardı Köyü
res_city_turkiye_data_kita.16,Höyük Mah (Beşyol Köyü)
res_city_turkiye_data_kita.16,İnönü Mah (Sugözü Köyü)
res_city_turkiye_data_kita.16,İnönü Mah (Üçgöz Köyü)
res_city_turkiye_data_kita.16,Karaağaç Mah (Yelbastı Köyü)
res_city_turkiye_data_kita.16,Karageçi Mah (Beşyol Köyü)
res_city_turkiye_data_kita.16,Karagüveç Köyü
res_city_turkiye_data_kita.16,Kepirce Mah (Yazıkarakuyu Köyü)
res_city_turkiye_data_kita.16,Kesecik Köyü
res_city_turkiye_data_kita.16,Kızılhisar Köyü
res_city_turkiye_data_kita.16,Kızılin Köyü
res_city_turkiye_data_kita.16,Kızılkaya Köyü
res_city_turkiye_data_kita.16,Kızılpınar Köyü
res_city_turkiye_data_kita.16,Kocapirli Mah (Eğerli Köyü)
res_city_turkiye_data_kita.16,Kurugöl Köyü
res_city_turkiye_data_kita.16,Kuzevleri Köyü
res_city_turkiye_data_kita.16,Nohudanlı Mah (Hacıhalil Köyü)
res_city_turkiye_data_kita.16,Oyratlı Köyü
res_city_turkiye_data_kita.16,Ören Köyü
res_city_turkiye_data_kita.16,Sarıkaya Köyü
res_city_turkiye_data_kita.16,Satıluşağı Mah (Oyratlı Köyü)
res_city_turkiye_data_kita.16,Sayören Köyü
res_city_turkiye_data_kita.16,Sumaklı Güzelevler Mah (Kurugöl Köyü)
res_city_turkiye_data_kita.16,Taşlıyazı Köyü
res_city_turkiye_data_kita.16,Tokar Köyü
res_city_turkiye_data_kita.16,Toklu Köyü
res_city_turkiye_data_kita.16,Topkapı Köyü
res_city_turkiye_data_kita.16,Ürecik Mah (Yelbastı Köyü)
res_city_turkiye_data_kita.16,Yayıklı Köyü
res_city_turkiye_data_kita.16,Yazıbademce Mah (Yazıkarakuyu Köyü)
res_city_turkiye_data_kita.16,Yazıkarakuyu Köyü
res_city_turkiye_data_kita.16,Yazıyurdu Mah (Berete Köyü)
res_city_turkiye_data_kita.16,Yelbastı Köyü
res_city_turkiye_data_kita.16,Yemlice Mah (Kesecik Köyü)
res_city_turkiye_data_kita.16,Yeniköy Köyü
res_city_turkiye_data_kita.16,Yeşilova Mah (Ören Köyü)
res_city_turkiye_data_kita.16,Yukarı Hozgişi Mah (Yeniköy Köyü)
res_city_turkiye_data_kita.16,Zormağara Mah (Yeniköy Köyü)
res_city_turkiye_data_kita.16,Adalet Mah (Suvarlı Beldesi)
res_city_turkiye_data_kita.16,Büyükoba Mah (Karalar Köyü)
res_city_turkiye_data_kita.16,Cumhuriyet Mah (Suvarlı Beldesi)
res_city_turkiye_data_kita.16,Çakallı Mah (Çorak Köyü)
res_city_turkiye_data_kita.16,Çakallı Mah (Karalar Köyü)
res_city_turkiye_data_kita.16,Çayırobası Mah (Karalar Köyü)
res_city_turkiye_data_kita.16,Çorak Köyü
res_city_turkiye_data_kita.16,Hürriyet Mah (Suvarlı Beldesi)
res_city_turkiye_data_kita.16,Karalar Köyü
res_city_turkiye_data_kita.16,Kıraçhayma Mah (Pınarbaşı Köyü)
res_city_turkiye_data_kita.16,Körtanlı Mah (Pınarbaşı Köyü)
res_city_turkiye_data_kita.16,Pınarbaşı Köyü
res_city_turkiye_data_kita.16,Tutlupınar Mah (Pınarbaşı Köyü)
res_city_turkiye_data_kita.16,Uzunkuyu Köyü
res_city_turkiye_data_kita.16,Akdere Mah (Başlı Köyü)
res_city_turkiye_data_kita.16,Akkuyu Mah (Atmalı Köyü)
res_city_turkiye_data_kita.16,Alişar Köyü
res_city_turkiye_data_kita.16,Atmalı Köyü
res_city_turkiye_data_kita.16,Başlı Köyü
res_city_turkiye_data_kita.16,Bayat Mah (Şambayat Beldesi)
res_city_turkiye_data_kita.16,Beşir Mah (Tekağaç Köyü)
res_city_turkiye_data_kita.16,Bostancık Mah (Tekağaç Köyü)
res_city_turkiye_data_kita.16,Cumhuriyet Mah (Şambayat Beldesi)
res_city_turkiye_data_kita.16,Doğankaya Köyü
res_city_turkiye_data_kita.16,Fatih Mah (Şambayat Beldesi)
res_city_turkiye_data_kita.16,Gümüşlü Köyü
res_city_turkiye_data_kita.16,İnönü Mah (Şambayat Beldesi)
res_city_turkiye_data_kita.16,Karahalil Mah (Başlı Köyü)
res_city_turkiye_data_kita.16,Kılıçlı Mah (Başlı Köyü)
res_city_turkiye_data_kita.16,Kızılcamustafa Mah (Başlı Köyü)
res_city_turkiye_data_kita.16,Menderes Mah (Şambayat Beldesi)
res_city_turkiye_data_kita.16,Özbağlar Mah (Atmalı Köyü)
res_city_turkiye_data_kita.16,Tekağaç Köyü
res_city_turkiye_data_kita.16,Yazıyalangoz Mah (Tekağaç Köyü)
res_city_turkiye_data_kita.16,Yeni Mah (Şambayat Beldesi)
res_city_turkiye_data_kita.17,Bahçeli Evler Mah
res_city_turkiye_data_kita.17,Başpınar Mah
res_city_turkiye_data_kita.17,Cami Mah
res_city_turkiye_data_kita.17,Cumhuriyet Mah
res_city_turkiye_data_kita.17,Fatih Mah
res_city_turkiye_data_kita.17,Mahmut Nedim Ökmen Mah
res_city_turkiye_data_kita.17,Merkez Mah
res_city_turkiye_data_kita.17,Yunus Emre Mah
res_city_turkiye_data_kita.17,Zafer Mah
res_city_turkiye_data_kita.17,Aksu Köyü
res_city_turkiye_data_kita.17,Aligür Mah (Gölbağı Köyü)
res_city_turkiye_data_kita.17,Alisaha Kümesi Mah (Mutlu Köyü)
res_city_turkiye_data_kita.17,Altıntaş Köyü
res_city_turkiye_data_kita.17,Askerhan Köyü
res_city_turkiye_data_kita.17,Bahçe Kümesi Mah (Mutlu Köyü)
res_city_turkiye_data_kita.17,Bozgedik Köyü
res_city_turkiye_data_kita.17,Cemolar Mah (Kalecik Köyü)
res_city_turkiye_data_kita.17,Çampınar Köyü
res_city_turkiye_data_kita.17,Çat Mah (Şerefhan Köyü)
res_city_turkiye_data_kita.17,Değirmen Başı Mah (Çampınar Köyü)
res_city_turkiye_data_kita.17,Deveboynu Mah (Aksu Köyü)
res_city_turkiye_data_kita.17,Düzağaç Mah (Bozgedik Köyü)
res_city_turkiye_data_kita.17,Esenli Mah (Şerefhan Köyü)
res_city_turkiye_data_kita.17,Eskiköy Mah (Recep Köyü)
res_city_turkiye_data_kita.17,Eskiköy Mah (Yeşilyayla Köyü)
res_city_turkiye_data_kita.17,Fatih Köyü
res_city_turkiye_data_kita.17,Gölbağı Köyü
res_city_turkiye_data_kita.17,Hamik Mah (Köseuşağı Köyü)
res_city_turkiye_data_kita.17,Hovirge Yaylası Mah (Mutlu Köyü)
res_city_turkiye_data_kita.17,İncirli Köyü
res_city_turkiye_data_kita.17,Kale Mah (Yeşiltepe Köyü)
res_city_turkiye_data_kita.17,Kalecik Köyü
res_city_turkiye_data_kita.17,Karaçayır Köyü
res_city_turkiye_data_kita.17,Karagöl Köyü
res_city_turkiye_data_kita.17,Karşı Küme Evleri Mah (Mutlu Köyü)
res_city_turkiye_data_kita.17,Kışıkan Yaylası Mah (Mutlu Köyü)
res_city_turkiye_data_kita.17,Korucak Köyü
res_city_turkiye_data_kita.17,Koyuncular Mah (Gölbağı Köyü)
res_city_turkiye_data_kita.17,Köseuşağı Köyü
res_city_turkiye_data_kita.17,Merkez Kümesi Mah (Mutlu Köyü)
res_city_turkiye_data_kita.17,Recep Köyü
res_city_turkiye_data_kita.17,Soğukpınar Mah (Korucak Köyü)
res_city_turkiye_data_kita.17,Şahverdi Eskiköy Mah (Recep Köyü)
res_city_turkiye_data_kita.17,Şahverdi Mah (Recep Köyü)
